created_at,author_id,text,retweets,likes
2025-04-14 17:59:27+00:00,4830268247,"@si_ad @afneil This has nothing to do with climate change and everything to do with control. The globalist elites are in control of almost all new solar, wind farms, and renewable energy. By eventually banning coal, gas,oil, and so on, the elites will be able to control everyone and everything.",0,0
2025-04-14 17:59:27+00:00,1779470086375608320,"The article revealed the causes and consequences of climate change, advocating for sustainable environmental practices.",0,0
2025-04-14 17:59:00+00:00,3232649756,@BreitbartNews I never want to hear a word from any of these women about green house gases and climate change.,0,0
2025-04-14 17:58:50+00:00,1769071069384617984,@LightYa90158140 climate change is fake libtard nonsense created by sanji fans to spread propaganda against zoro being yonko level and mihawk being top one,0,0
2025-04-14 17:58:50+00:00,1526514464,"Climate change is a scam

Scientists know that the Japan earthquake of 2011 shifted earth off it's axis

Shortening earths days https://t.co/IYG6xGwMe4 https://t.co/w7dmNalbZD",0,0
2025-04-14 17:58:38+00:00,1884029818540363778,"Coachella 2025 Weekend 1 was full of surprises. Lady Gaga performed ""Poker Face"" and an ""Abracadabra"" remix. Charli XCX's set featured Billie Eilish and Lorde. Bernie Sanders introduced Clairo, addressing climate change and equality. An unforgettable mix of music and activism.",0,0
2025-04-14 17:58:36+00:00,1649418335749111808,@HolyGrails50 @davill @blueorigin But what about climate change?   This is like a private jet times a thousand.  🙄,0,0
2025-04-14 17:58:08+00:00,781994274,"25. In conclusion, the results of ongoing studies on Antarctic wildlife demonstrate the urgency of addressing the impacts of climate change and human activity to ensure the survival of these unique species. #ClimateAction #WildlifeSurvival""",0,0
2025-04-14 17:58:08+00:00,1720665183188922368,"@Hitch1341949 @cashandcarrots @DefendourJuries @RogerHallamCS21 @JustStop_Oil @fossilfreeLDN @DoctorsXr @libertyhq @GoodLawProject @ChrisGPackham @jonathonporritt @MrMatthewTodd @XRebellionUK At 4.4°C warming by 2100, climate change could bring severe outcomes. Extreme heat might make regions like the Mediterranean uninhabitable, with frequent deadly heatwaves. Sea levels could rise 0.5-2 meters, flooding coasts and displacing millions. Ecosystems face collapse, with",0,0
2025-04-14 17:58:00+00:00,781994274,"22. Studies have revealed that while Antarctic wildlife faces significant challenges from climate change, they also exhibit remarkable adaptability, offering hope for future conservation. #Adaptability #ConservationHope",0,0
2025-04-14 17:57:58+00:00,1688053002731495424,@DrewHLive White supremacy..has to be...it's either that or climate change...,0,0
2025-04-14 17:57:51+00:00,1526514464,"@legaltweetz Globally, are you in the same spot on the planet

That answer is no, there was an earthquake in 2011 that shifted earth off it's axis and shortened the day of the planet 

We know this

Because of science 

It's not climate change, it's axis change",0,0
2025-04-14 17:57:49+00:00,1365358645500903427,"@Frnc_prep @BmoresNo1Qween @legaltweetz And? Like I said, manmade climate change isn't real",0,0
2025-04-14 17:57:47+00:00,1649418335749111808,@em33253 @davill BUT CLIMATE CHANGE?!?  🙄,0,0
2025-04-14 17:57:43+00:00,2946255653,"@PoyetPatrice @fredco1948 @4tis @25_cycle @GillesnFio @BennoList @jpgcrowley @ejwwest @Narkophobia @joejoebo2 @kissingtruth @KiltonDornier @rwerkh @Visitor51171015 @jemmm85517813 @BatcaveSlimer @AutumnMandrake @TMGFlorida @idummkopp @priscian @MusicFrom90 @AtomsksSanakan @Proemed45 @MarcEHJones @Rebecca74083947 @NdabaningiMoyo @patfrank830 @DoubleDumas @DaleGribble_666 @greenartdf @zebedeem @Willard1951 @LxxResearcher @waynejv1973 @VoteBlueUrban @TWTThisIsNow @BrknMan @RCownie @ICcrapdaily @ClimateRetorts @DarrenDrpage @SGMTrailbuilder @CyfraithEcocide @JrmeBrwnCt @TheDisproof @judithcallagha9 @psud12 @Teoli2003 @Barba_Phil51323 Indeed! I do believe the change should be dictated amongst experts beyond climate science, it can be done with as minimal disruption as possible. Anyway, burning fossil fuels sounds so primitive, doesn't it? Since the 50s they've been talking about nuke-power car! I want mine 😁",0,0
2025-04-14 17:57:37+00:00,781994274,"14. Research into the genetic diversity of Antarctic species has revealed that some populations are more resilient to climate change than others, providing hope for future conservation efforts. #GeneticDiversity #ClimateResilience",0,0
2025-04-14 17:57:29+00:00,781994274,"11. Studies on the health of Antarctic ecosystems reveal that while some species have adapted to changing conditions, the overall biodiversity of the region is at risk due to climate change. #BiodiversityLoss #ClimateAdaptation",0,0
2025-04-14 17:57:21+00:00,1824870471642357760,@harari_yuval You are so wrong. Ancient civilizations and climate changes are all cyclical. History doesn't change. It keeps repeating itself. They just changed the names.,0,0
2025-04-14 17:57:19+00:00,802302414581809152,"@SenBlumenthal House members &amp; Senators received USAID funds? 1,700 scientists signed a declaration, ""Climate change is a hoax for profit."" 18 US Code 1038 makes hoaxes a crime. Biden spent $44B on new climate groups w ex Obamx staffers. See New Yorker, 10/23, Blake, ""Carbon for Cash Hustle.""",0,0
2025-04-14 17:57:15+00:00,781994274,"6. The results of environmental studies in Antarctica show that the continent’s ecosystems are becoming more vulnerable to the effects of climate change, requiring urgent conservation efforts. #EnvironmentalStudies #ClimateChange",0,0
2025-04-14 17:57:14+00:00,1649418335749111808,"@davill Crew?  What did this “crew” do other than hitch a ride up to the edge of the sky all dressed up for the cameras,  came back down screaming for the cameras,  and then kissed the ground for the cameras?   What did that do to the environment, or is climate change not a thing",0,0
2025-04-14 17:57:13+00:00,956751751,"Tell the truth wind and solar are bad for the environment, cause more climate change making these things,
They are ugly and dangerous to animals. They are loud and don’t supply energy enough for large city. It’s a destructive
Lie just like sanctuary cities. https://t.co/Us5C5yzMS1",0,0
2025-04-14 17:57:08+00:00,138516405,"“I’ve never had allergies before and now I suddenly feel like I have allergies,’ or ‘I feel like my allergies are getting a lot worse,’ and that’s because the allergic load is that much higher because of climate change,” Mendez said.
#MadameNoireHeadlines | Read More: https://t.co/ROu61IxBsy",0,0
2025-04-14 17:57:06+00:00,781994274,"3. The results of studies on krill populations indicate that climate change is affecting their distribution and abundance, which in turn impacts the entire Antarctic food chain. #KrillResearch #FoodChain",0,0
2025-04-14 17:57:04+00:00,1165825378868269056,"The ADB June 2021 report compiles 100+ programs on climate change and its impacts in Asia and the Pacific. #climateadaptation
https://t.co/fFDzES0yLK",0,0
2025-04-14 17:56:44+00:00,1564796292345106432,"@CAgovernor You finally admit that it is not climate change that is causing fires in California, but government red tape.",0,0
2025-04-14 17:56:30+00:00,1720665183188922368,"@Hitch1341949 @cashandcarrots @DefendourJuries @RogerHallamCS21 @JustStop_Oil @fossilfreeLDN @DoctorsXr @libertyhq @GoodLawProject @ChrisGPackham @jonathonporritt @MrMatthewTodd @XRebellionUK Climate change poses serious risks to both the environment and humans. It drives more frequent extreme weather like heatwaves, floods, and droughts, threatening ecosystems with 3–14% of species at risk of extinction at 1.5°C warming. Sea level rise endangers coastal communities, https://t.co/wG8E9XxHib",0,0
2025-04-14 17:56:26+00:00,1642342395361591297,"@hodgetwins They just dumped tons of rocket fuel over your head for shits and giggles.
Ask Katy Perry about climate change. 🤔",0,0
2025-04-14 17:56:21+00:00,1276867431609360386,"leaders rise to global platforms and amplify their voices for meaningful change.
#Youth in Pakistan are stepping up, from leading disaster management efforts to driving #climate #advocacy at both local and international levels. But to create  lasting impact, we must ensure their",0,0
2025-04-14 17:56:18+00:00,766448042442649604,"@AnnieForTruth Pennsylvania state Senator Republican Scott Wagner moved closer to big oil corporations' money, spewing out hot air from his BS nonsense.  Climate change is real.",0,0
2025-04-14 17:56:16+00:00,1521713069096767489,The long awaited climate change hoax to control the lives of all people has kicked off with the first carbon footprint penalties. All shipping companies have to pay penalties for their destruction of the world. Get ready you are next to pay huge penalties. https://t.co/RUYPTpffbx,0,0
2025-04-14 17:56:09+00:00,1813251138214588418,@manh41606 @CNN earthquake = climate change ?? omg,0,0
2025-04-14 17:56:05+00:00,1854204300530253824,@benonwine Yes. The idea that reducing carbon emissions is the fundamental thing we should focus on to mitigate climate change is wrong.,0,0
2025-04-14 17:56:01+00:00,1472188984017182722,"@bella_menteuse @TheInsiderPaper Are you being sarcastic?  They end every sentence ""...due to climate change"".",0,0
2025-04-14 17:55:50+00:00,978161017,@wideawake_media Also making a new 4 lane highway through the Amazon rainforest cutting through tens of thousands acres of protected rainforest for a COP Climate summit. So how dare he give lectures on climate change.,0,0
2025-04-14 17:55:47+00:00,1770048142928482304,"Sadly a lot of these ☠️Chemtrails wind up over Canada.  We’re probably doing it too. After all, spraying the sky with ☠️ is meant to block the sun and save us from so called climate change.

Poisoning the environment to help cool the planet is wrong, dangerous and hypocritical. https://t.co/FMgIlEieCx",0,0
2025-04-14 17:55:30+00:00,316257423,"@Dave_Willford @ExxAlerts Why would it cause lockdowns? Are you serious? They will use climate change as a reason to enforce lockdowns, Covid style. What do you think Covid was? It was a testing ground for peoples compliance. Climate change has nothing to do with climate, it is about control.",0,0
2025-04-14 17:55:04+00:00,910995882824339461,"@TribesBritannia Maybe Sentebale could stay small and focus on its core mission of HIV survivors, instead of looking to expand to climate change and other issues.",0,1
2025-04-14 17:54:55+00:00,1519631196661202944,@MelaniaTrumpo YEs cause it real not like climate change.,0,0
2025-04-14 17:54:41+00:00,1636034935,"@Hitch1341949 @DefendourJuries @RogerHallamCS21 @JustStop_Oil @fossilfreeLDN @DoctorsXr @libertyhq @GoodLawProject @ChrisGPackham @jonathonporritt @MrMatthewTodd @XRebellionUK @grok And smashing up petrol pumps helps mitigate climate change how, exactly? 

Putting ordinary people in danger of being in a conflagration from a spark hitting petrol vapour is going to get the public onside how, exactly?",0,0
2025-04-14 17:54:29+00:00,120494288,@BBCNews But i thought it was climate change!,0,0
2025-04-14 17:54:21+00:00,1798165722205503488,@Shitstopher @timecaptales Climate change is kinda real because the government manipulates the weather.,0,0
2025-04-14 17:54:17+00:00,333260928,@OpenledgerHQ @AmbiosNetwork Exciting collaboration! Looking forward to seeing the impact of @AmbiosNetwork's AI model on environmental intelligence and urban planning. This partnership has the potential to drive real change in pollution tracking and climate analysis,0,0
2025-04-14 17:54:09+00:00,1243578605696774145,"@columbianexchng @BrownCaruso @gunsnrosesgirl3 I thought climate change was coined to ease confusion of the dullards who would say things like, ""if the planet is getting warmer how come this blizzard is still cold?""",0,0
2025-04-14 17:54:03+00:00,1502349638694805515,"@ExxAlerts She needs to give her head a wobble, the majority are not going to lockdown for love or money after the lockdown of the convid fraud they pulled on the world, some of us didn’t lockdown first time around so there’s no chance we will hide from an imaginary climate change",0,0
2025-04-14 17:53:55+00:00,1080834476811448320,"@latimeralder A valid criticism.
Let's not forget however, that the Climate Change Act 2008 was enacted by the last Labour government under Gordon Brown.
Guess who the Energy Minister was?
Here's a clue - he still is....",0,1
2025-04-14 17:53:49+00:00,1492896658123902977,@FrankCaputoKTN Looks like the blue team wanted to have a bigger sign - the downside is that it is at high risk of blowing off its frame. More or an ironic climate change conversation?,0,0
2025-04-14 17:53:39+00:00,1739419928011112448,"@MelaniaTrumpo Way before.
This is the current priority type of ""climate change""that can at least be controlled effectively.
Tom Homan is the best illegal climate change  activist!.",0,0
2025-04-14 17:53:26+00:00,1483874745112305665,"Reparative justice COP29 https://t.co/xqFVYXH13H

@SirGeoffPalmer @BBlakeHannah @geoffshumba 

A reparative approach needed specific vulnerabilities to climate change 

artefacts of systematic racism

exploitative colonialism

purposeful underdevelopment

 illicit financial flows https://t.co/d1eKrKN25L",0,0
2025-04-14 17:53:23+00:00,779366058,"@CollinRugg Jist rich peoples theme park. That's all it was. No scientific value for mankind, just elitists being elitist. 
In fact that 1 launch was equal to 11 x A320 full day operation.
But climate change right?!",0,0
2025-04-14 17:53:16+00:00,1753948680195915776,@CNN How can republicans still deny that climate change is happening?,0,1
2025-04-14 17:52:57+00:00,20936444,When are Labour going to realise that the Climate Change Con and the Madness of Net Zero is totally destroying Britain. We have our own coal but yet we're importing it from Japan. We have our own natural gas but are buying it from Norway. #VoteReform,1,2
2025-04-14 17:52:50+00:00,1905999500625514496,"Climate change is our biggest threat in my view. Insulate, shop local and seasonal, ban cars, integrated public rapid transport systems , canals for transport and to shift incoming oceans. Dress  seasonally .",0,0
2025-04-14 17:52:30+00:00,308050191,"Guys like Carl Sagan are the ppl who should be Presidents or Prime Ministers, not imbiciles like Trump or Truss who think rain comes from heaven &amp; climate change is made up by heathens or satanists. https://t.co/LQcL8fYdll",0,0
2025-04-14 17:52:29+00:00,1223101806802194434,"@Bubblebathgirl I'm sure this all helps with climate change. 
Let's ask Greta.",0,2
2025-04-14 17:52:23+00:00,1874786473544691712,@MelaniaTrumpo Climate change has nothing to do with any human activity so yes.,0,1
2025-04-14 17:52:17+00:00,1571468023847952386,"Wrong, ABC News, Climate Change Didn’t Cause 2025’s Severe Tornado Outbreak https://t.co/Lu447JsbmJ",0,0
2025-04-14 17:52:09+00:00,1905194664715538433,"Near Frontier podcast is back, diving into hard tech innovations that tackle big challenges like climate change and disease. Join founders and experts for unfiltered stories of building the future, brought to you by Cantos Ventures. Tune in for hope and insights. https://t.co/G90qqcjRaa https://t.co/KtXmkmsoMs",0,0
2025-04-14 17:52:02+00:00,1851979186107297792,@BarronTrumpoo YES. Climate change is nothing but a natural process,0,0
2025-04-14 17:52:00+00:00,1385580800473767938,Can Your Ai Do This? Climatology AI: Advanced Climate Analysis and Prediction https://t.co/kIGXOI0iVA Climate Change #ArtificialIntelligence #WeatherPrediction #EnvironmentalModeling #ClimateAnalysis #AtmosphericScience #ClimatePatterns #DataAnalytics https://t.co/Qp3JEaDTyl,0,0
2025-04-14 17:51:58+00:00,1353020465934172164,@badmathsnphet @vinakum1503 @OwlsOwls73 @ECOWARRIORSS @Grok can you explain human caused climate change for @badmathsnphet like he's 5 years old?,0,0
2025-04-14 17:51:57+00:00,2479160049,@CollinRugg Fuck the ozone layer!  Fuck climate change!  You go find self love girl!  Even if it takes 100 tons of rocket fuel to find it!  Hopefully none of these narcissists ever mention saving the environment ever again.,0,0
2025-04-14 17:51:38+00:00,1529457960954789888,The Fall of Climate Change Poster Boy Michael Mann https://t.co/neeTYpJLf0,0,0
2025-04-14 17:51:28+00:00,1586048807820664832,"@TheGeneral_0 What part of ""we need to be aware of man made climate change "" does firing a rocket full of uneducated women (or men for that matter) into space fix",0,0
2025-04-14 17:51:22+00:00,4497350297,"@BernieSanders @clairo Climate change is a hoax; womens have come very far already, women's right TO HAVE her child; as for the economy - @realDonaldTrump is in the process of getting that monkey off our back.  And I am not a billionaire like you are.",0,0
2025-04-14 17:51:20+00:00,1720665183188922368,"@Hitch1341949 @cashandcarrots @DefendourJuries @RogerHallamCS21 @JustStop_Oil @fossilfreeLDN @DoctorsXr @libertyhq @GoodLawProject @ChrisGPackham @jonathonporritt @MrMatthewTodd @XRebellionUK Climate change, warming Earth 1.1°C above pre-industrial levels, risks exceeding 1.5°C soon without action. It drives extreme weather, sea level rise, and ecosystem loss, threatening human health, food, and economies. Key dangers include:

1. Health: Heatwaves and diseases like",0,0
2025-04-14 17:51:05+00:00,1720665183188922368,"@KimseyPeter @MatthewWielicki Dr. Wielicki's claim that lithium-ion batteries are ""1000X more dangerous than CO2"" lacks evidence and oversimplifies a complex issue. CO2 drives global climate change, while battery fires cause localized harm, making direct comparison tricky. The ""1000X"" figure seems",0,0
2025-04-14 17:51:04+00:00,1776736418934435841,"@gajanand8581 @AmbiosNetwork @OpenledgerHQ @Celes_tine__ @cryptosenssei @Aayyan120 @kendeath95 @R2D2zen @MunaPRR @web3gymbro this is an incredible breakdown! 🌍 The partnership is a powerhouse 7,000+ sensors, 12B data streams, and decentralized AI tackling real-world issues like climate change. 🌱 This is the future of tech with purpose! #OpenLedger #DeAI #DePIN",0,3
2025-04-14 17:51:00+00:00,932709906,"Look how weird the sun always looks through the stuff left in the sky. I thought I had a right to fresh air?
Climate change is a WEF HOAX see the real data, we are on a cooling cycle https://t.co/RiXaLnsxLr https://t.co/vDjtDKCsUb",0,0
2025-04-14 17:50:49+00:00,931112401,@MelaniaTrumpo Climate change is for fools.,0,0
2025-04-14 17:50:45+00:00,1874420768593117184,@narendramodi LThe research programme will focus on addressing global challenges such as climate change and poverty.,0,0
2025-04-14 17:50:12+00:00,1671644818852782080,@CollinRugg I think we can stop being lectured about climate change after this.,0,10
2025-04-14 17:50:03+00:00,1748787505187467265,"@defigosha @gen0m1cs anti-science That's rich where you will comply To the left that denies sex difference Heritable traits like intelligence.Oh , you won't talk about that because you only believe Climate change in vaccines.But when everything else you're the biggest denire of them all",0,0
2025-04-14 17:50:01+00:00,171030896,@mattwridley We should have continued to focus on conservation and efficient use of resources and  reduction of pollution. Climate change focus is using up more resources and causing more pollution.,0,0
2025-04-14 17:49:57+00:00,1588242359032201217,"@Variety Make movies that: 
Are not Christophobic
Don't push murder of the unborn
Don't celebrate, &amp; groom children into, sexual sin &amp; the trans scam
Don't push the same-sex marriage lie
Don't have nudity &amp; foul language
Don't push the anthro climate change scam
Don't diss capitalism",0,1
2025-04-14 17:49:56+00:00,76790578,"Stop showing this nonsense!
Next year when whatever random city catches fire, or floods are more common or whatever climate change induced natural disaster occurs I want none of you double faced idiots crying wolf for nothing!

This horrendous. https://t.co/kJkA5H6rVr https://t.co/G5QO9ahUPj",0,0
2025-04-14 17:49:51+00:00,29401649,So much for the climate change agenda. https://t.co/J0op14rmLf,0,0
2025-04-14 17:49:48+00:00,1849734359835668480,@DaleVince CLIMATE CHANGE IS A SCAM,0,0
2025-04-14 17:49:41+00:00,1766117175004180480,@RealJamesWoods The only problem I have is I fell strongly that the ones who took very vocal and strong stances on “climate change” should never have been given the option and would have liked to have seen a blond or red head included since they wanted one of each,0,0
2025-04-14 17:49:33+00:00,1096882437768925184,"@MatrixMysteries You are right 
UN has opened Pandora's Box in the name of Climate Change.
Unholy wedlock between UN 
&amp; WEF has resulted in exploiting climate crisis for Profits.
My Pinned post explains how my extended life signals D-Day of Nature in 2103 
Einstein 
Everything pre determined.",0,0
2025-04-14 17:49:27+00:00,1883176852094640128,"@CheMarvilleReal @CTVNews Don't trust Carbey because of his climate change agenda , his continuous lies , his 0 oil and gas, his ties with China , his support for Hamas.  Etc.",0,0
2025-04-14 17:49:22+00:00,1754546561835540480,@Huw_Powell @LizWebsterSBF Politico is a far left paper. First off.  What trump is getting rid of is the green new deal / climate change crap,0,0
2025-04-14 17:48:59+00:00,1706815782330699776,@catturd2 I truly believe that something divine is happening turning away from God begets bad things happen including so called “climate change”. I am not overly religious but I have always believed this. Call it a theory or whatever but can you imagine if it were true?,2,3
2025-04-14 17:48:57+00:00,1858852488000024576,"But even Hermès isn’t invincible.

• Counterfeits flood a $4.5 Trillion black market
• Climate change threatens silk &amp; leather supply
• Critics target its use of exotic animal skins

Exclusivity built the brand.

But that same strategy may become its biggest risk. https://t.co/abSbp9wuBm",0,2
2025-04-14 17:48:50+00:00,1824132518716772354,@DOGE__news The climate change business must be fading.,0,0
2025-04-14 17:48:40+00:00,802302414581809152,"@maziehirono This is clean coal. 1,700 scientists signed a declaration, ""Climate change is a hoax for profit,"" @CLINTEL &amp; @CO2Coalition 18 US Code 1038 makes hoaxes a crime. The 2004 doc. by Soros &amp; Gore has had 0 predictions come true. See New Yorker, 10/23, Blake, ""Carbon for Cash Hustle.""",0,0
2025-04-14 17:48:35+00:00,1586788487650545664,"@ShadowofEzra This is like, what, the 487th time that ""Trump will declare martial law"" has been ""predicted""?  If the record is as good as the ""climate change"" predictions.... how many times have we drowned in the past 5 decades...  we'll see you here for # 488.  🙄",0,1
2025-04-14 17:48:34+00:00,951291427757047808,"@RapidResponse47 @POTUS I agree. Yellen tried saying ""climate change and racism are an emergency!",0,0
2025-04-14 17:48:31+00:00,1692070122,"Why are democrats parading around their 2 biggest ""end of the world"" politicians. AOC fearmongered, ""The world is gonna end in 12 years if we don't address climate change"" and Bernie has been claiming we are in an oligarchy for 40 years.

https://t.co/q8EK1UPKgF",0,1
2025-04-14 17:48:30+00:00,1874616598172254209,"@GuntherEagleman Obviously the prospect of going to a el Salvador prison works and we all knew climate change was a hoax it started with a hole in the ozone layer then went to global warming then to global cooling, then man made climate change and then climate change",0,0
2025-04-14 17:48:06+00:00,1825321279718834176,"@krassenstein Who needs Chinese products?  Why ship things from across the world?  Just build it here, it's not a big deal, plus, the USA makes good quality stuff with massively less polluting of the earth and causing climate change",0,0
2025-04-14 17:48:05+00:00,1832245667588161536,@ANTlWEF And why is this surprising to anybody $41 billion missing from a climate change fund wow,0,0
2025-04-14 17:47:50+00:00,509669064,18. The transition to renewable energy is expected to help Antigua and Barbuda meet its climate change commitments and reduce its greenhouse gas emissions. #ClimateCommitments #GreenhouseGasReduction,0,0
2025-04-14 17:47:25+00:00,509669064,"9. The shift to renewable energy aligns with the global movement towards sustainability, helping Antigua and Barbuda contribute to international climate change goals. #GlobalSustainability #ClimateAction",0,0
2025-04-14 17:47:19+00:00,1720665183188922368,"@Hitch1341949 @cashandcarrots @DefendourJuries @RogerHallamCS21 @JustStop_Oil @fossilfreeLDN @DoctorsXr @libertyhq @GoodLawProject @ChrisGPackham @jonathonporritt @MrMatthewTodd @XRebellionUK The 1959 Shell article, ""The Earth’s Carbon Cycle,"" acknowledged that fossil fuel emissions could potentially change the climate, possibly melting polar ice. However, it downplayed these effects, stating they were small compared to natural carbon cycles. It noted oceans absorb",0,0
2025-04-14 17:46:46+00:00,3259295526,"Climate change makes the blind hear, the deaf walk, the crippled talk, and the dumb see. Particularly the last of these. https://t.co/LcPYgXc5oz",0,0
2025-04-14 17:46:41+00:00,1909025646447034368,"Fascinating documentary on the impact of climate change I just watched, it's a real eye-opener Wish everyone could see it! 🌎💙",0,0
2025-04-14 17:46:14+00:00,1779467379237625856,The politician''s stance on climate change drew strong criticism from environmental activists and scientists.,0,0
2025-04-14 17:46:07+00:00,1720665183188922368,"@Hitch1341949 @cashandcarrots @DefendourJuries @RogerHallamCS21 @JustStop_Oil @fossilfreeLDN @DoctorsXr @libertyhq @GoodLawProject @ChrisGPackham @jonathonporritt @MrMatthewTodd @XRebellionUK The 1959 Shell article, ""The Earth’s Carbon Cycle,"" acknowledges that burning fossil fuels releases CO2, which could change the climate and melt polar ice. However, it downplays these effects, stating they are minor compared to natural carbon cycles. It notes a small potential",0,0
2025-04-14 17:46:03+00:00,1910403573994631168,Just read a fascinating article about the impact of climate change on global agriculture It's alarming to see how quickly our planet is changing Let's all do,0,0
